"requirement_id","audit_requirement","audit_screen_ids","surface_group","scope","classification","evidence_references","implementation_status","implementation_reference","automated_test_reference","test_status","validation_reference","visual_status","known_deviation_ids","notes","flow_id","deviation_reason"
"SCR-000","Emulator Baseline / emulator_baseline","000_emulator_baseline","emulator_baseline","baseline","CONFIRMED","evidence/screenshots/000_emulator_baseline-20260801-130625.png;evidence/ui-xml/000_emulator_baseline-20260801-130625.xml;screens/screen-specs/000_emulator_baseline.json","NOT_APPLICABLE","","","NOT_APPLICABLE","","NOT_APPLICABLE","","Android launcher baseline; outside the target app.","",""
"SCR-001","Launch Default / launch_default","001_launch_default","launch_default","excluded_repackaging","CONFIRMED","evidence/screenshots/001_launch_default-20260801-130657.png;evidence/ui-xml/001_launch_default-20260801-130657.xml;screens/screen-specs/001_launch_default.json","EXCLUDED","","","NOT_APPLICABLE","","NOT_APPLICABLE","DEV-009","Excluded from native analysis: LiteAPKS/repackaging promotional overlay supplied by the APK distribution artifact.","","Explicitly excluded third-party distribution overlay."
"SCR-002","Welcome Default / welcome_default","002_welcome_default","onboarding_welcome","native","CONFIRMED","evidence/screenshots/002_welcome_default-20260801-130744.png;evidence/ui-xml/002_welcome_default-20260801-130744.xml;screens/screen-specs/002_welcome_default.json","IMPLEMENTED","app/src/main/java/com/sysadmindoc/nono/ui/OnboardingScreen.kt","validation/reports/unit-test-results.json;validation/reports/instrumentation-test-results.json;validation/diffs/002_welcome_default-metrics.json","PASS","validation/current/002_welcome_default.png;validation/diffs/002_welcome_default-metrics.json","FAIL_THRESHOLD_DOCUMENTED","DEV-001;DEV-002;DEV-003;DEV-008","","F01","Independent identity, artwork, and platform-controlled prompts."
"SCR-003","Notification Permission Dialog / notification_permission_dialog","003_notification_permission_dialog","notification_permission_dialog","external_system","CONFIRMED","evidence/screenshots/003_notification_permission_dialog-20260801-130832.png;evidence/ui-xml/003_notification_permission_dialog-20260801-130832.xml;screens/screen-specs/003_notification_permission_dialog.json","BEHAVIORALLY_VALIDATED","app/src/main/java/com/sysadmindoc/nono/ui/OnboardingScreen.kt;app/src/main/java/com/sysadmindoc/nono/ui/SettingsScreen.kt","validation/reports/permission-step-0.xml;validation/reports/permission-listener-settings.xml;validation/reports/permission-complete-home.xml","DEVICE_HANDOFF_PASS","","NOT_APPLICABLE","DEV-008","","F01","Android owns and renders the destination UI; the replica invokes the corresponding public intent."
"SCR-004","Welcome Notifications Granted / welcome_notifications_granted","004_welcome_notifications_granted","onboarding_welcome","native","CONFIRMED","evidence/screenshots/004_welcome_notifications_granted-20260801-130902.png;evidence/ui-xml/004_welcome_notifications_granted-20260801-130902.xml;screens/screen-specs/004_welcome_notifications_granted.json","IMPLEMENTED","app/src/main/java/com/sysadmindoc/nono/ui/OnboardingScreen.kt","validation/reports/unit-test-results.json;validation/reports/instrumentation-test-results.json;validation/diffs/004_welcome_notifications_granted-metrics.json","PASS","validation/current/004_welcome_notifications_granted.png;validation/diffs/004_welcome_notifications_granted-metrics.json","FAIL_THRESHOLD_DOCUMENTED","DEV-001;DEV-002;DEV-003;DEV-008","","F01","Independent identity, artwork, and platform-controlled prompts."
"SCR-005","Background Access System / background_access_system","005_background_access_system","background_access_system","external_system","CONFIRMED","evidence/screenshots/005_background_access_system-20260801-130930.png;evidence/ui-xml/005_background_access_system-20260801-130930.xml;screens/screen-specs/005_background_access_system.json","BEHAVIORALLY_VALIDATED","app/src/main/java/com/sysadmindoc/nono/ui/OnboardingScreen.kt;app/src/main/java/com/sysadmindoc/nono/ui/SettingsScreen.kt","validation/reports/permission-step-0.xml;validation/reports/permission-listener-settings.xml;validation/reports/permission-complete-home.xml","DEVICE_HANDOFF_PASS","","NOT_APPLICABLE","DEV-008","","F01","Android owns and renders the destination UI; the replica invokes the corresponding public intent."
"SCR-006","Welcome Background Allowed / welcome_background_allowed","006_welcome_background_allowed","onboarding_welcome","native","CONFIRMED","evidence/screenshots/006_welcome_background_allowed-20260801-131002.png;evidence/ui-xml/006_welcome_background_allowed-20260801-131002.xml;screens/screen-specs/006_welcome_background_allowed.json","VISUALLY_VALIDATED","app/src/main/java/com/sysadmindoc/nono/ui/OnboardingScreen.kt","validation/reports/unit-test-results.json;validation/reports/instrumentation-test-results.json;validation/diffs/006_welcome_background_allowed-metrics.json","PASS","validation/current/006_welcome_background_allowed.png;validation/diffs/006_welcome_background_allowed-metrics.json","PASS_THRESHOLD","DEV-001;DEV-002;DEV-003;DEV-008","","F01","Independent identity, artwork, and platform-controlled prompts."
"SCR-007","Notification Access System / notification_access_system","007_notification_access_system","notification_access_system","external_system","CONFIRMED","evidence/screenshots/007_notification_access_system-20260801-131033.png;evidence/ui-xml/007_notification_access_system-20260801-131033.xml;screens/screen-specs/007_notification_access_system.json","BEHAVIORALLY_VALIDATED","app/src/main/java/com/sysadmindoc/nono/ui/OnboardingScreen.kt;app/src/main/java/com/sysadmindoc/nono/ui/SettingsScreen.kt","validation/reports/permission-step-0.xml;validation/reports/permission-listener-settings.xml;validation/reports/permission-complete-home.xml","DEVICE_HANDOFF_PASS","","NOT_APPLICABLE","DEV-008","","F01","Android owns and renders the destination UI; the replica invokes the corresponding public intent."
"SCR-008","Notification Access Warning / notification_access_warning","008_notification_access_warning","notification_access_warning","external_system","CONFIRMED","evidence/screenshots/008_notification_access_warning-20260801-131100.png;evidence/ui-xml/008_notification_access_warning-20260801-131100.xml;screens/screen-specs/008_notification_access_warning.json","BEHAVIORALLY_VALIDATED","app/src/main/java/com/sysadmindoc/nono/ui/OnboardingScreen.kt;app/src/main/java/com/sysadmindoc/nono/ui/SettingsScreen.kt","validation/reports/permission-step-0.xml;validation/reports/permission-listener-settings.xml;validation/reports/permission-complete-home.xml","DEVICE_HANDOFF_PASS","","NOT_APPLICABLE","DEV-008","","F01","Android owns and renders the destination UI; the replica invokes the corresponding public intent."
"SCR-009","Notification Access Confirmation / notification_access_confirmation","009_notification_access_confirmation","notification_access_confirmation","external_system","CONFIRMED","evidence/screenshots/009_notification_access_confirmation-20260801-131126.png;evidence/ui-xml/009_notification_access_confirmation-20260801-131126.xml;screens/screen-specs/009_notification_access_confirmation.json","BEHAVIORALLY_VALIDATED","app/src/main/java/com/sysadmindoc/nono/ui/OnboardingScreen.kt;app/src/main/java/com/sysadmindoc/nono/ui/SettingsScreen.kt","validation/reports/permission-step-0.xml;validation/reports/permission-listener-settings.xml;validation/reports/permission-complete-home.xml","DEVICE_HANDOFF_PASS","","NOT_APPLICABLE","DEV-008","","F01","Android owns and renders the destination UI; the replica invokes the corresponding public intent."
"SCR-010","Home Empty / home_empty","010_home_empty","rules_home","native","CONFIRMED","evidence/screenshots/010_home_empty-20260801-131212.png;evidence/ui-xml/010_home_empty-20260801-131212.xml;screens/screen-specs/010_home_empty.json","VISUALLY_VALIDATED","app/src/main/java/com/sysadmindoc/nono/ui/RulesScreens.kt","validation/reports/unit-test-results.json;validation/reports/instrumentation-test-results.json;validation/diffs/010_home_empty-metrics.json","PASS","validation/current/010_home_empty.png;validation/diffs/010_home_empty-metrics.json","PASS_THRESHOLD","DEV-002;DEV-004;DEV-005","","F01;F02","System typography/accessibility adjustments and safe local simulation replace unknown runtime internals."
"SCR-011","Explore Default / explore_default","011_explore_default","explore","native","CONFIRMED","evidence/screenshots/011_explore_default-20260801-131241.png;evidence/ui-xml/011_explore_default-20260801-131241.xml;screens/screen-specs/011_explore_default.json","VISUALLY_VALIDATED","app/src/main/java/com/sysadmindoc/nono/ui/ExploreScreen.kt","validation/reports/unit-test-results.json;validation/reports/instrumentation-test-results.json;validation/diffs/011_explore_default-metrics.json","PASS","validation/current/011_explore_default.png;validation/diffs/011_explore_default-metrics.json","PASS_THRESHOLD","DEV-002;DEV-003;DEV-006","","F02;F08","Original editorial copy and illustrations were not authorized."
"SCR-012","Article Focused / article_focused","012_article_focused","article_focused","external_browser","CONFIRMED","evidence/screenshots/012_article_focused-20260801-131310.png;evidence/ui-xml/012_article_focused-20260801-131310.xml;screens/screen-specs/012_article_focused.json","IMPLEMENTED","app/src/main/java/com/sysadmindoc/nono/ui/ExploreScreen.kt;app/src/main/java/com/sysadmindoc/nono/ui/SettingsScreen.kt","","SAFE_INTENT_IMPLEMENTED","","NOT_APPLICABLE","DEV-006","External Chrome first-run screen reached by an article link; no browser onboarding was completed.","F08","External mutable article contents were out of native audit scope."
"SCR-013","History Empty / history_empty","013_history_empty","history","native","CONFIRMED","evidence/screenshots/013_history_empty-20260801-131338.png;evidence/ui-xml/013_history_empty-20260801-131338.xml;screens/screen-specs/013_history_empty.json","VISUALLY_VALIDATED","app/src/main/java/com/sysadmindoc/nono/ui/HistoryScreens.kt","validation/reports/unit-test-results.json;validation/reports/instrumentation-test-results.json;validation/diffs/013_history_empty-metrics.json","PASS","validation/current/013_history_empty.png;validation/diffs/013_history_empty-metrics.json","PASS_THRESHOLD","DEV-002;DEV-004;DEV-005","","F02;F06","System typography/accessibility adjustments and safe local simulation replace unknown runtime internals."
"SCR-014","History Search Empty / history_search_empty","014_history_search_empty","history","native","CONFIRMED","evidence/screenshots/014_history_search_empty-20260801-131408.png;evidence/ui-xml/014_history_search_empty-20260801-131408.xml;screens/screen-specs/014_history_search_empty.json","VISUALLY_VALIDATED","app/src/main/java/com/sysadmindoc/nono/ui/HistoryScreens.kt","validation/reports/unit-test-results.json;validation/reports/instrumentation-test-results.json;validation/diffs/014_history_search_empty-metrics.json","PASS","validation/current/014_history_search_empty.png;validation/diffs/014_history_search_empty-metrics.json","PASS_THRESHOLD","DEV-002;DEV-004;DEV-005","","F06","System typography/accessibility adjustments and safe local simulation replace unknown runtime internals."
"SCR-015","History Search No Results / history_search_no_results","015_history_search_no_results","history","native","CONFIRMED","evidence/screenshots/015_history_search_no_results-20260801-131430.png;evidence/ui-xml/015_history_search_no_results-20260801-131430.xml;screens/screen-specs/015_history_search_no_results.json","VISUALLY_VALIDATED","app/src/main/java/com/sysadmindoc/nono/ui/HistoryScreens.kt","validation/reports/unit-test-results.json;validation/reports/instrumentation-test-results.json;validation/diffs/015_history_search_no_results-metrics.json","PASS","validation/current/015_history_search_no_results.png;validation/diffs/015_history_search_no_results-metrics.json","PASS_THRESHOLD","DEV-002;DEV-004;DEV-005","","F06","System typography/accessibility adjustments and safe local simulation replace unknown runtime internals."
"SCR-016","Settings Default / settings_default","016_settings_default","settings","native","CONFIRMED","evidence/screenshots/016_settings_default-20260801-131501.png;evidence/ui-xml/016_settings_default-20260801-131501.xml;screens/screen-specs/016_settings_default.json","VISUALLY_VALIDATED","app/src/main/java/com/sysadmindoc/nono/ui/SettingsScreen.kt","validation/reports/unit-test-results.json;validation/reports/instrumentation-test-results.json;validation/diffs/016_settings_default-metrics.json","PASS","validation/current/016_settings_default.png;validation/diffs/016_settings_default-metrics.json","PASS_THRESHOLD","DEV-002;DEV-004;DEV-011","","F02;F10","Backup serialization and launcher shortcut publication were not observable and remain unimplemented."
"SCR-017","Settings Scrolled 1 / settings_scrolled_1","017_settings_scrolled_1","settings","native","CONFIRMED","evidence/screenshots/017_settings_scrolled_1-20260801-131523.png;evidence/ui-xml/017_settings_scrolled_1-20260801-131523.xml;screens/screen-specs/017_settings_scrolled_1.json","VISUALLY_VALIDATED","app/src/main/java/com/sysadmindoc/nono/ui/SettingsScreen.kt","validation/reports/unit-test-results.json;validation/reports/instrumentation-test-results.json;validation/diffs/017_settings_scrolled_1-metrics.json","PASS","validation/current/017_settings_scrolled_1.png;validation/diffs/017_settings_scrolled_1-metrics.json","PASS_THRESHOLD","DEV-002;DEV-004;DEV-011","","F10","Backup serialization and launcher shortcut publication were not observable and remain unimplemented."
"SCR-018","Settings Scrolled 2 / settings_scrolled_2","018_settings_scrolled_2","settings","native","CONFIRMED","evidence/screenshots/018_settings_scrolled_2-20260801-131542.png;evidence/ui-xml/018_settings_scrolled_2-20260801-131542.xml;screens/screen-specs/018_settings_scrolled_2.json","VISUALLY_VALIDATED","app/src/main/java/com/sysadmindoc/nono/ui/SettingsScreen.kt","validation/reports/unit-test-results.json;validation/reports/instrumentation-test-results.json;validation/diffs/018_settings_scrolled_2-metrics.json","PASS","validation/current/018_settings_scrolled_2.png;validation/diffs/018_settings_scrolled_2-metrics.json","PASS_THRESHOLD","DEV-002;DEV-004;DEV-011","","F10;F11","Backup serialization and launcher shortcut publication were not observable and remain unimplemented."
"SCR-019","Settings Scrolled 3 / settings_scrolled_3","019_settings_scrolled_3","settings","native","CONFIRMED","evidence/screenshots/019_settings_scrolled_3-20260801-131602.png;evidence/ui-xml/019_settings_scrolled_3-20260801-131602.xml;screens/screen-specs/019_settings_scrolled_3.json","VISUALLY_VALIDATED","app/src/main/java/com/sysadmindoc/nono/ui/SettingsScreen.kt","validation/reports/unit-test-results.json;validation/reports/instrumentation-test-results.json;validation/diffs/019_settings_scrolled_3-metrics.json","PASS","validation/current/019_settings_scrolled_3.png;validation/diffs/019_settings_scrolled_3-metrics.json","PASS_THRESHOLD","DEV-002;DEV-004;DEV-011","","F10","Backup serialization and launcher shortcut publication were not observable and remain unimplemented."
"SCR-020","Settings Scrolled 4 / settings_scrolled_4","020_settings_scrolled_4","settings","native","CONFIRMED","evidence/screenshots/020_settings_scrolled_4-20260801-131628.png;evidence/ui-xml/020_settings_scrolled_4-20260801-131628.xml;screens/screen-specs/020_settings_scrolled_4.json","VISUALLY_VALIDATED","app/src/main/java/com/sysadmindoc/nono/ui/SettingsScreen.kt","validation/reports/unit-test-results.json;validation/reports/instrumentation-test-results.json;validation/diffs/020_settings_scrolled_4-metrics.json","PASS","validation/current/020_settings_scrolled_4.png;validation/diffs/020_settings_scrolled_4-metrics.json","PASS_THRESHOLD","DEV-002;DEV-004;DEV-011","","F10","Backup serialization and launcher shortcut publication were not observable and remain unimplemented."
"SCR-021","Mute Mode Dialog / mute_mode_dialog","021_mute_mode_dialog","mute_mode_dialog","native","CONFIRMED","evidence/screenshots/021_mute_mode_dialog-20260801-131739.png;evidence/ui-xml/021_mute_mode_dialog-20260801-131739.xml;screens/screen-specs/021_mute_mode_dialog.json","VISUALLY_VALIDATED","app/src/main/java/com/sysadmindoc/nono/ui/SignalOverlay.kt","validation/reports/unit-test-results.json;validation/reports/instrumentation-test-results.json;validation/diffs/021_mute_mode_dialog-metrics.json","PASS","validation/current/021_mute_mode_dialog.png;validation/diffs/021_mute_mode_dialog-metrics.json","PASS_THRESHOLD","DEV-002;DEV-004;DEV-005","","F10","System typography/accessibility adjustments and safe local simulation replace unknown runtime internals."
"SCR-022","Mute Importance Dialog / mute_importance_dialog","022_mute_importance_dialog","mute_importance_dialog","native","CONFIRMED","evidence/screenshots/022_mute_importance_dialog-20260801-131814.png;evidence/ui-xml/022_mute_importance_dialog-20260801-131814.xml;screens/screen-specs/022_mute_importance_dialog.json","VISUALLY_VALIDATED","app/src/main/java/com/sysadmindoc/nono/ui/SignalOverlay.kt","validation/reports/unit-test-results.json;validation/reports/instrumentation-test-results.json;validation/diffs/022_mute_importance_dialog-metrics.json","PASS","validation/current/022_mute_importance_dialog.png;validation/diffs/022_mute_importance_dialog-metrics.json","PASS_THRESHOLD","DEV-002;DEV-004;DEV-005","","F10","System typography/accessibility adjustments and safe local simulation replace unknown runtime internals."
"SCR-023","Notification History Dialog / notification_history_dialog","023_notification_history_dialog","history_storage_dialog","native","CONFIRMED","evidence/screenshots/023_notification_history_dialog-20260801-131900.png;evidence/ui-xml/023_notification_history_dialog-20260801-131900.xml;screens/screen-specs/023_notification_history_dialog.json","VISUALLY_VALIDATED","app/src/main/java/com/sysadmindoc/nono/ui/SignalOverlay.kt","validation/reports/unit-test-results.json;validation/reports/instrumentation-test-results.json;validation/diffs/023_notification_history_dialog-metrics.json","PASS","validation/current/023_notification_history_dialog.png;validation/diffs/023_notification_history_dialog-metrics.json","PASS_THRESHOLD","DEV-002;DEV-004;DEV-005","","F10","System typography/accessibility adjustments and safe local simulation replace unknown runtime internals."
"SCR-024","History Retention Dialog / history_retention_dialog","024_history_retention_dialog","history_retention_dialog","native","CONFIRMED","evidence/screenshots/024_history_retention_dialog-20260801-131928.png;evidence/ui-xml/024_history_retention_dialog-20260801-131928.xml;screens/screen-specs/024_history_retention_dialog.json","VISUALLY_VALIDATED","app/src/main/java/com/sysadmindoc/nono/ui/SignalOverlay.kt","validation/reports/unit-test-results.json;validation/reports/instrumentation-test-results.json;validation/diffs/024_history_retention_dialog-metrics.json","PASS","validation/current/024_history_retention_dialog.png;validation/diffs/024_history_retention_dialog-metrics.json","PASS_THRESHOLD","DEV-002;DEV-004;DEV-005","","F10","System typography/accessibility adjustments and safe local simulation replace unknown runtime internals."
"SCR-025","Create Shortcut Empty / create_shortcut_empty","025_create_shortcut_empty","shortcut_editor","native","CONFIRMED","evidence/screenshots/025_create_shortcut_empty-20260801-132011.png;evidence/ui-xml/025_create_shortcut_empty-20260801-132011.xml;screens/screen-specs/025_create_shortcut_empty.json","VISUALLY_VALIDATED","app/src/main/java/com/sysadmindoc/nono/ui/SettingsScreen.kt","validation/reports/unit-test-results.json;validation/reports/instrumentation-test-results.json;validation/diffs/025_create_shortcut_empty-metrics.json","PASS","validation/current/025_create_shortcut_empty.png;validation/diffs/025_create_shortcut_empty-metrics.json","PASS_THRESHOLD","DEV-002;DEV-004;DEV-011","","F10","Backup serialization and launcher shortcut publication were not observable and remain unimplemented."
"SCR-026","Automatic Backups Dialog / automatic_backups_dialog","026_automatic_backups_dialog","automatic_backups_dialog","external_system","CONFIRMED","evidence/screenshots/026_automatic_backups_dialog-20260801-132103.png;evidence/ui-xml/026_automatic_backups_dialog-20260801-132103.xml;screens/screen-specs/026_automatic_backups_dialog.json","BEHAVIORALLY_VALIDATED","app/src/main/java/com/sysadmindoc/nono/ui/OnboardingScreen.kt;app/src/main/java/com/sysadmindoc/nono/ui/SettingsScreen.kt","validation/reports/permission-step-0.xml;validation/reports/permission-listener-settings.xml;validation/reports/permission-complete-home.xml","DEVICE_HANDOFF_PASS","","NOT_APPLICABLE","DEV-008;DEV-011","External Android system folder picker; no folder was selected.","F10;F11","Android owns and renders the destination UI; the replica invokes the corresponding public intent."
"SCR-027","Theme Dialog / theme_dialog","027_theme_dialog","theme_dialog","native","CONFIRMED","evidence/screenshots/027_theme_dialog-20260801-132135.png;evidence/ui-xml/027_theme_dialog-20260801-132135.xml;screens/screen-specs/027_theme_dialog.json","VISUALLY_VALIDATED","app/src/main/java/com/sysadmindoc/nono/ui/SignalOverlay.kt","validation/reports/unit-test-results.json;validation/reports/instrumentation-test-results.json;validation/diffs/027_theme_dialog-metrics.json","PASS","validation/current/027_theme_dialog.png;validation/diffs/027_theme_dialog-metrics.json","PASS_THRESHOLD","DEV-002;DEV-004;DEV-005","","F10","System typography/accessibility adjustments and safe local simulation replace unknown runtime internals."
"SCR-028","Language System / language_system","028_language_system","language_dialog","native","CONFIRMED","evidence/screenshots/028_language_system-20260801-132206.png;evidence/ui-xml/028_language_system-20260801-132206.xml;screens/screen-specs/028_language_system.json","VISUALLY_VALIDATED","app/src/main/java/com/sysadmindoc/nono/ui/SignalOverlay.kt","validation/reports/unit-test-results.json;validation/reports/instrumentation-test-results.json;validation/diffs/028_language_system-metrics.json","PASS","validation/current/028_language_system.png;validation/diffs/028_language_system-metrics.json","PASS_THRESHOLD","DEV-002;DEV-004;DEV-005","","F10","System typography/accessibility adjustments and safe local simulation replace unknown runtime internals."
"SCR-029","Rule Builder Default / rule_builder_default","029_rule_builder_default","rule_builder","native","CONFIRMED","evidence/screenshots/029_rule_builder_default-20260801-132257.png;evidence/ui-xml/029_rule_builder_default-20260801-132257.xml;screens/screen-specs/029_rule_builder_default.json","VISUALLY_VALIDATED","app/src/main/java/com/sysadmindoc/nono/ui/SignalOverlay.kt","validation/reports/unit-test-results.json;validation/reports/instrumentation-test-results.json;validation/diffs/029_rule_builder_default-metrics.json","PASS","validation/current/029_rule_builder_default.png;validation/diffs/029_rule_builder_default-metrics.json","PASS_THRESHOLD","DEV-002;DEV-004;DEV-005","","F03","System typography/accessibility adjustments and safe local simulation replace unknown runtime internals."
"SCR-030","App Selector / app_selector","030_app_selector","app_selector","native","CONFIRMED","evidence/screenshots/030_app_selector-20260801-132335.png;evidence/ui-xml/030_app_selector-20260801-132335.xml;screens/screen-specs/030_app_selector.json","VISUALLY_VALIDATED","app/src/main/java/com/sysadmindoc/nono/ui/RulesScreens.kt","validation/reports/unit-test-results.json;validation/reports/instrumentation-test-results.json;validation/diffs/030_app_selector-metrics.json","PASS","validation/current/030_app_selector.png;validation/diffs/030_app_selector-metrics.json","PASS_THRESHOLD","DEV-002;DEV-004;DEV-005","","F03","System typography/accessibility adjustments and safe local simulation replace unknown runtime internals."
"SCR-031","App Selector Search / app_selector_search","031_app_selector_search","app_selector","native","CONFIRMED","evidence/screenshots/031_app_selector_search-20260801-132417.png;evidence/ui-xml/031_app_selector_search-20260801-132417.xml;screens/screen-specs/031_app_selector_search.json","VISUALLY_VALIDATED","app/src/main/java/com/sysadmindoc/nono/ui/RulesScreens.kt","validation/reports/unit-test-results.json;validation/reports/instrumentation-test-results.json;validation/diffs/031_app_selector_search-metrics.json","PASS","validation/current/031_app_selector_search.png;validation/diffs/031_app_selector_search-metrics.json","PASS_THRESHOLD","DEV-002;DEV-004;DEV-005","","F03","System typography/accessibility adjustments and safe local simulation replace unknown runtime internals."
"SCR-032","Condition Match Type Dialog / condition_match_type_dialog","032_condition_match_type_dialog","condition_builder","native","CONFIRMED","evidence/screenshots/032_condition_match_type_dialog-20260801-132508.png;evidence/ui-xml/032_condition_match_type_dialog-20260801-132508.xml;screens/screen-specs/032_condition_match_type_dialog.json","VISUALLY_VALIDATED","app/src/main/java/com/sysadmindoc/nono/ui/RulesScreens.kt","validation/reports/unit-test-results.json;validation/reports/instrumentation-test-results.json;validation/diffs/032_condition_match_type_dialog-metrics.json","PASS","validation/current/032_condition_match_type_dialog.png;validation/diffs/032_condition_match_type_dialog-metrics.json","PASS_THRESHOLD","DEV-002;DEV-004;DEV-005","","F03","System typography/accessibility adjustments and safe local simulation replace unknown runtime internals."
"SCR-033","Phrase Filter Editor / phrase_filter_editor","033_phrase_filter_editor","condition_builder","native","CONFIRMED","evidence/screenshots/033_phrase_filter_editor-20260801-132531.png;evidence/ui-xml/033_phrase_filter_editor-20260801-132531.xml;screens/screen-specs/033_phrase_filter_editor.json","VISUALLY_VALIDATED","app/src/main/java/com/sysadmindoc/nono/ui/RulesScreens.kt","validation/reports/unit-test-results.json;validation/reports/instrumentation-test-results.json;validation/diffs/033_phrase_filter_editor-metrics.json","PASS","validation/current/033_phrase_filter_editor.png;validation/diffs/033_phrase_filter_editor-metrics.json","PASS_THRESHOLD","DEV-002;DEV-004;DEV-005","Repeat capture of the content-filter editor after a missed tap; not a new surface.","","System typography/accessibility adjustments and safe local simulation replace unknown runtime internals."
"SCR-034","Phrase Filter Input / phrase_filter_input","034_phrase_filter_input","phrase_editor","native","CONFIRMED","evidence/screenshots/034_phrase_filter_input-20260801-132610.png;evidence/ui-xml/034_phrase_filter_input-20260801-132610.xml;screens/screen-specs/034_phrase_filter_input.json","VISUALLY_VALIDATED","app/src/main/java/com/sysadmindoc/nono/ui/RulesScreens.kt","validation/reports/unit-test-results.json;validation/reports/instrumentation-test-results.json;validation/diffs/034_phrase_filter_input-metrics.json","PASS","validation/current/034_phrase_filter_input.png;validation/diffs/034_phrase_filter_input-metrics.json","PASS_THRESHOLD","DEV-002;DEV-004;DEV-005","","F03","System typography/accessibility adjustments and safe local simulation replace unknown runtime internals."
"SCR-035","Filter With Phrase / filter_with_phrase","035_filter_with_phrase","condition_builder","native","CONFIRMED","evidence/screenshots/035_filter_with_phrase-20260801-132659.png;evidence/ui-xml/035_filter_with_phrase-20260801-132659.xml;screens/screen-specs/035_filter_with_phrase.json","VISUALLY_VALIDATED","app/src/main/java/com/sysadmindoc/nono/ui/RulesScreens.kt","validation/reports/unit-test-results.json;validation/reports/instrumentation-test-results.json;validation/diffs/035_filter_with_phrase-metrics.json","PASS","validation/current/035_filter_with_phrase.png;validation/diffs/035_filter_with_phrase-metrics.json","PASS_THRESHOLD","DEV-002;DEV-004;DEV-005","","","System typography/accessibility adjustments and safe local simulation replace unknown runtime internals."
"SCR-036","Extras Filter Selector / extras_filter_selector","036_extras_filter_selector","nested_filter_group","native","CONFIRMED","evidence/screenshots/036_extras_filter_selector-20260801-132743.png;evidence/ui-xml/036_extras_filter_selector-20260801-132743.xml;screens/screen-specs/036_extras_filter_selector.json","VISUALLY_VALIDATED","app/src/main/java/com/sysadmindoc/nono/ui/RulesScreens.kt","validation/reports/unit-test-results.json;validation/reports/instrumentation-test-results.json;validation/diffs/036_extras_filter_selector-metrics.json","PASS","validation/current/036_extras_filter_selector.png;validation/diffs/036_extras_filter_selector-metrics.json","PASS_THRESHOLD","DEV-002;DEV-004;DEV-005","","F03","Extra properties and the filter operator are shown disabled: nothing evaluates them, so a rule carrying one could never match. System typography/accessibility adjustments and safe local simulation replace unknown runtime internals."
"SCR-037","Extras Filter Selector Scrolled / extras_filter_selector_scrolled","037_extras_filter_selector_scrolled","nested_filter_group","native","CONFIRMED","evidence/screenshots/037_extras_filter_selector_scrolled-20260801-132825.png;evidence/ui-xml/037_extras_filter_selector_scrolled-20260801-132825.xml;screens/screen-specs/037_extras_filter_selector_scrolled.json","VISUALLY_VALIDATED","app/src/main/java/com/sysadmindoc/nono/ui/RulesScreens.kt","validation/reports/unit-test-results.json;validation/reports/instrumentation-test-results.json;validation/diffs/037_extras_filter_selector_scrolled-metrics.json","PASS","validation/current/037_extras_filter_selector_scrolled.png;validation/diffs/037_extras_filter_selector_scrolled-metrics.json","PASS_THRESHOLD","DEV-002;DEV-004;DEV-005","","","Extra properties and the filter operator are shown disabled: nothing evaluates them, so a rule carrying one could never match. System typography/accessibility adjustments and safe local simulation replace unknown runtime internals."
"SCR-038","Extras Filter Selector Bottom / extras_filter_selector_bottom","038_extras_filter_selector_bottom","nested_filter_group","native","CONFIRMED","evidence/screenshots/038_extras_filter_selector_bottom-20260801-132901.png;evidence/ui-xml/038_extras_filter_selector_bottom-20260801-132901.xml;screens/screen-specs/038_extras_filter_selector_bottom.json","VISUALLY_VALIDATED","app/src/main/java/com/sysadmindoc/nono/ui/RulesScreens.kt","validation/reports/unit-test-results.json;validation/reports/instrumentation-test-results.json;validation/diffs/038_extras_filter_selector_bottom-metrics.json","PASS","validation/current/038_extras_filter_selector_bottom.png;validation/diffs/038_extras_filter_selector_bottom-metrics.json","PASS_THRESHOLD","DEV-002;DEV-004;DEV-005","","","Extra properties and the filter operator are shown disabled: nothing evaluates them, so a rule carrying one could never match. System typography/accessibility adjustments and safe local simulation replace unknown runtime internals."
"SCR-039","Filter Group Default / filter_group_default","039_filter_group_default","nested_filter_group","native","CONFIRMED","evidence/screenshots/039_filter_group_default-20260801-132933.png;evidence/ui-xml/039_filter_group_default-20260801-132933.xml;screens/screen-specs/039_filter_group_default.json","VISUALLY_VALIDATED","app/src/main/java/com/sysadmindoc/nono/ui/RulesScreens.kt","validation/reports/unit-test-results.json;validation/reports/instrumentation-test-results.json;validation/diffs/039_filter_group_default-metrics.json","PASS","validation/current/039_filter_group_default.png;validation/diffs/039_filter_group_default-metrics.json","PASS_THRESHOLD","DEV-002;DEV-004;DEV-005","","F03","Extra properties and the filter operator are shown disabled: nothing evaluates them, so a rule carrying one could never match. System typography/accessibility adjustments and safe local simulation replace unknown runtime internals."
"SCR-040","Filter Operator Dialog / filter_operator_dialog","040_filter_operator_dialog","nested_filter_group","native","CONFIRMED","evidence/screenshots/040_filter_operator_dialog-20260801-133015.png;evidence/ui-xml/040_filter_operator_dialog-20260801-133015.xml;screens/screen-specs/040_filter_operator_dialog.json","VISUALLY_VALIDATED","app/src/main/java/com/sysadmindoc/nono/ui/RulesScreens.kt","validation/reports/unit-test-results.json;validation/reports/instrumentation-test-results.json;validation/diffs/040_filter_operator_dialog-metrics.json","PASS","validation/current/040_filter_operator_dialog.png;validation/diffs/040_filter_operator_dialog-metrics.json","PASS_THRESHOLD","DEV-002;DEV-004;DEV-005","","F03","Extra properties and the filter operator are shown disabled: nothing evaluates them, so a rule carrying one could never match. System typography/accessibility adjustments and safe local simulation replace unknown runtime internals."
"SCR-041","Phrase Input Filled / phrase_input_filled","041_phrase_input_filled","phrase_editor","native","CONFIRMED","evidence/screenshots/041_phrase_input_filled-20260801-133113.png;evidence/ui-xml/041_phrase_input_filled-20260801-133113.xml;screens/screen-specs/041_phrase_input_filled.json","VISUALLY_VALIDATED","app/src/main/java/com/sysadmindoc/nono/ui/RulesScreens.kt","validation/reports/unit-test-results.json;validation/reports/instrumentation-test-results.json;validation/diffs/041_phrase_input_filled-metrics.json","PASS","validation/current/041_phrase_input_filled.png;validation/diffs/041_phrase_input_filled-metrics.json","PASS_THRESHOLD","DEV-002;DEV-004;DEV-005","","F03","System typography/accessibility adjustments and safe local simulation replace unknown runtime internals."
"SCR-042","Filter Phrase Added / filter_phrase_added","042_filter_phrase_added","condition_builder","native","CONFIRMED","evidence/screenshots/042_filter_phrase_added-20260801-133141.png;evidence/ui-xml/042_filter_phrase_added-20260801-133141.xml;screens/screen-specs/042_filter_phrase_added.json","VISUALLY_VALIDATED","app/src/main/java/com/sysadmindoc/nono/ui/RulesScreens.kt","validation/reports/unit-test-results.json;validation/reports/instrumentation-test-results.json;validation/diffs/042_filter_phrase_added-metrics.json","PASS","validation/current/042_filter_phrase_added.png;validation/diffs/042_filter_phrase_added-metrics.json","PASS_THRESHOLD","DEV-002;DEV-004;DEV-005","","F03","System typography/accessibility adjustments and safe local simulation replace unknown runtime internals."
"SCR-043","Rule Builder Filtered / rule_builder_filtered","043_rule_builder_filtered","rule_builder","native","CONFIRMED","evidence/screenshots/043_rule_builder_filtered-20260801-133213.png;evidence/ui-xml/043_rule_builder_filtered-20260801-133213.xml;screens/screen-specs/043_rule_builder_filtered.json","VISUALLY_VALIDATED","app/src/main/java/com/sysadmindoc/nono/ui/SignalOverlay.kt","validation/reports/unit-test-results.json;validation/reports/instrumentation-test-results.json;validation/diffs/043_rule_builder_filtered-metrics.json","PASS","validation/current/043_rule_builder_filtered.png;validation/diffs/043_rule_builder_filtered-metrics.json","PASS_THRESHOLD","DEV-002;DEV-004;DEV-005","","F03","System typography/accessibility adjustments and safe local simulation replace unknown runtime internals."
"SCR-044","Add Filter Menu / add_filter_menu","044_add_filter_menu","condition_builder","native","CONFIRMED","evidence/screenshots/044_add_filter_menu-20260801-133456.png;evidence/ui-xml/044_add_filter_menu-20260801-133456.xml;screens/screen-specs/044_add_filter_menu.json","VISUALLY_VALIDATED","app/src/main/java/com/sysadmindoc/nono/ui/RulesScreens.kt","validation/reports/unit-test-results.json;validation/reports/instrumentation-test-results.json;validation/diffs/044_add_filter_menu-metrics.json","PASS","validation/current/044_add_filter_menu.png;validation/diffs/044_add_filter_menu-metrics.json","PASS_THRESHOLD","DEV-002;DEV-004;DEV-005","Repeat capture of the populated content-filter editor; not a new surface.","","System typography/accessibility adjustments and safe local simulation replace unknown runtime internals."
"SCR-045","Action Selector Top / action_selector_top","045_action_selector_top","phrase_editor","native","CONFIRMED","evidence/screenshots/045_action_selector_top-20260801-133519.png;evidence/ui-xml/045_action_selector_top-20260801-133519.xml;screens/screen-specs/045_action_selector_top.json","VISUALLY_VALIDATED","app/src/main/java/com/sysadmindoc/nono/ui/RulesScreens.kt","validation/reports/unit-test-results.json;validation/reports/instrumentation-test-results.json;validation/diffs/045_action_selector_top-metrics.json","PASS","validation/current/045_action_selector_top.png;validation/diffs/045_action_selector_top-metrics.json","PASS_THRESHOLD","DEV-002;DEV-004;DEV-005","Accidental repeat of the phrase editor while locating a custom clickable span.","","System typography/accessibility adjustments and safe local simulation replace unknown runtime internals."
"SCR-046","Action Selector Top / action_selector_top","046_action_selector_top","phrase_editor","native","CONFIRMED","evidence/screenshots/046_action_selector_top-20260801-133550.png;evidence/ui-xml/046_action_selector_top-20260801-133550.xml;screens/screen-specs/046_action_selector_top.json","VISUALLY_VALIDATED","app/src/main/java/com/sysadmindoc/nono/ui/RulesScreens.kt","validation/reports/unit-test-results.json;validation/reports/instrumentation-test-results.json;validation/diffs/046_action_selector_top-metrics.json","PASS","validation/current/046_action_selector_top.png;validation/diffs/046_action_selector_top-metrics.json","PASS_THRESHOLD","DEV-002;DEV-004;DEV-005","Accidental repeat of the phrase editor with keyboard while locating a custom clickable span.","","System typography/accessibility adjustments and safe local simulation replace unknown runtime internals."
"SCR-047","Action Selector Top / action_selector_top","047_action_selector_top","phrase_editor","native","CONFIRMED","evidence/screenshots/047_action_selector_top-20260801-133619.png;evidence/ui-xml/047_action_selector_top-20260801-133619.xml;screens/screen-specs/047_action_selector_top.json","VISUALLY_VALIDATED","app/src/main/java/com/sysadmindoc/nono/ui/RulesScreens.kt","validation/reports/unit-test-results.json;validation/reports/instrumentation-test-results.json;validation/diffs/047_action_selector_top-metrics.json","PASS","validation/current/047_action_selector_top.png;validation/diffs/047_action_selector_top-metrics.json","PASS_THRESHOLD","DEV-002;DEV-004;DEV-005","Accidental repeat of the phrase editor with keyboard while locating a custom clickable span.","","System typography/accessibility adjustments and safe local simulation replace unknown runtime internals."
"SCR-048","Action Selector Top / action_selector_top","048_action_selector_top","phrase_editor","native","CONFIRMED","evidence/screenshots/048_action_selector_top-20260801-133704.png;evidence/ui-xml/048_action_selector_top-20260801-133704.xml;screens/screen-specs/048_action_selector_top.json","VISUALLY_VALIDATED","app/src/main/java/com/sysadmindoc/nono/ui/RulesScreens.kt","validation/reports/unit-test-results.json;validation/reports/instrumentation-test-results.json;validation/diffs/048_action_selector_top-metrics.json","PASS","validation/current/048_action_selector_top.png;validation/diffs/048_action_selector_top-metrics.json","PASS_THRESHOLD","DEV-002;DEV-004;DEV-005","Accidental repeat of the phrase editor with keyboard while locating a custom clickable span.","","System typography/accessibility adjustments and safe local simulation replace unknown runtime internals."
"SCR-049","Action Selector Top / action_selector_top","049_action_selector_top","action_selector","native","CONFIRMED","evidence/screenshots/049_action_selector_top-20260801-133815.png;evidence/ui-xml/049_action_selector_top-20260801-133815.xml;screens/screen-specs/049_action_selector_top.json","VISUALLY_VALIDATED","app/src/main/java/com/sysadmindoc/nono/ui/RulesScreens.kt","validation/reports/unit-test-results.json;validation/reports/instrumentation-test-results.json;validation/diffs/049_action_selector_top-metrics.json","PASS","validation/current/049_action_selector_top.png;validation/diffs/049_action_selector_top-metrics.json","PASS_THRESHOLD","DEV-002;DEV-004;DEV-005","","F04","System typography/accessibility adjustments and safe local simulation replace unknown runtime internals."
"SCR-050","Action Selector Scroll 1 / action_selector_scroll_1","050_action_selector_scroll_1","action_selector","native","CONFIRMED","evidence/screenshots/050_action_selector_scroll_1-20260801-133837.png;evidence/ui-xml/050_action_selector_scroll_1-20260801-133837.xml;screens/screen-specs/050_action_selector_scroll_1.json","VISUALLY_VALIDATED","app/src/main/java/com/sysadmindoc/nono/ui/RulesScreens.kt","validation/reports/unit-test-results.json;validation/reports/instrumentation-test-results.json;validation/diffs/050_action_selector_scroll_1-metrics.json","PASS","validation/current/050_action_selector_scroll_1.png;validation/diffs/050_action_selector_scroll_1-metrics.json","PASS_THRESHOLD","DEV-002;DEV-004;DEV-005","","F04","System typography/accessibility adjustments and safe local simulation replace unknown runtime internals."
"SCR-051","Action Selector Scroll 2 / action_selector_scroll_2","051_action_selector_scroll_2","action_selector","native","CONFIRMED","evidence/screenshots/051_action_selector_scroll_2-20260801-133852.png;evidence/ui-xml/051_action_selector_scroll_2-20260801-133852.xml;screens/screen-specs/051_action_selector_scroll_2.json","VISUALLY_VALIDATED","app/src/main/java/com/sysadmindoc/nono/ui/RulesScreens.kt","validation/reports/unit-test-results.json;validation/reports/instrumentation-test-results.json;validation/diffs/051_action_selector_scroll_2-metrics.json","PASS","validation/current/051_action_selector_scroll_2.png;validation/diffs/051_action_selector_scroll_2-metrics.json","PASS_THRESHOLD","DEV-002;DEV-004;DEV-005","","F04","System typography/accessibility adjustments and safe local simulation replace unknown runtime internals."
"SCR-052","Action Selector Scroll 3 / action_selector_scroll_3","052_action_selector_scroll_3","action_selector","native","CONFIRMED","evidence/screenshots/052_action_selector_scroll_3-20260801-133912.png;evidence/ui-xml/052_action_selector_scroll_3-20260801-133912.xml;screens/screen-specs/052_action_selector_scroll_3.json","VISUALLY_VALIDATED","app/src/main/java/com/sysadmindoc/nono/ui/RulesScreens.kt","validation/reports/unit-test-results.json;validation/reports/instrumentation-test-results.json;validation/diffs/052_action_selector_scroll_3-metrics.json","PASS","validation/current/052_action_selector_scroll_3.png;validation/diffs/052_action_selector_scroll_3-metrics.json","PASS_THRESHOLD","DEV-002;DEV-004;DEV-005","","F04","System typography/accessibility adjustments and safe local simulation replace unknown runtime internals."
"SCR-053","Action Selector Scroll 4 / action_selector_scroll_4","053_action_selector_scroll_4","action_selector","native","CONFIRMED","evidence/screenshots/053_action_selector_scroll_4-20260801-133931.png;evidence/ui-xml/053_action_selector_scroll_4-20260801-133931.xml;screens/screen-specs/053_action_selector_scroll_4.json","VISUALLY_VALIDATED","app/src/main/java/com/sysadmindoc/nono/ui/RulesScreens.kt","validation/reports/unit-test-results.json;validation/reports/instrumentation-test-results.json;validation/diffs/053_action_selector_scroll_4-metrics.json","PASS","validation/current/053_action_selector_scroll_4.png;validation/diffs/053_action_selector_scroll_4-metrics.json","PASS_THRESHOLD","DEV-002;DEV-004;DEV-005","","F04","System typography/accessibility adjustments and safe local simulation replace unknown runtime internals."
"SCR-054","Action Selector Scroll 5 / action_selector_scroll_5","054_action_selector_scroll_5","action_selector","native","CONFIRMED","evidence/screenshots/054_action_selector_scroll_5-20260801-133946.png;evidence/ui-xml/054_action_selector_scroll_5-20260801-133946.xml;screens/screen-specs/054_action_selector_scroll_5.json","VISUALLY_VALIDATED","app/src/main/java/com/sysadmindoc/nono/ui/RulesScreens.kt","validation/reports/unit-test-results.json;validation/reports/instrumentation-test-results.json;validation/diffs/054_action_selector_scroll_5-metrics.json","PASS","validation/current/054_action_selector_scroll_5.png;validation/diffs/054_action_selector_scroll_5-metrics.json","PASS_THRESHOLD","DEV-002;DEV-004;DEV-005","","F04","System typography/accessibility adjustments and safe local simulation replace unknown runtime internals."
"SCR-055","Action Selector Scroll 6 / action_selector_scroll_6","055_action_selector_scroll_6","action_selector","native","CONFIRMED","evidence/screenshots/055_action_selector_scroll_6-20260801-134003.png;evidence/ui-xml/055_action_selector_scroll_6-20260801-134003.xml;screens/screen-specs/055_action_selector_scroll_6.json","VISUALLY_VALIDATED","app/src/main/java/com/sysadmindoc/nono/ui/RulesScreens.kt","validation/reports/unit-test-results.json;validation/reports/instrumentation-test-results.json;validation/diffs/055_action_selector_scroll_6-metrics.json","PASS","validation/current/055_action_selector_scroll_6.png;validation/diffs/055_action_selector_scroll_6-metrics.json","PASS_THRESHOLD","DEV-002;DEV-004;DEV-005","","F04","System typography/accessibility adjustments and safe local simulation replace unknown runtime internals."
"SCR-056","Action Selector Scroll 7 / action_selector_scroll_7","056_action_selector_scroll_7","action_selector","native","CONFIRMED","evidence/screenshots/056_action_selector_scroll_7-20260801-134020.png;evidence/ui-xml/056_action_selector_scroll_7-20260801-134020.xml;screens/screen-specs/056_action_selector_scroll_7.json","VISUALLY_VALIDATED","app/src/main/java/com/sysadmindoc/nono/ui/RulesScreens.kt","validation/reports/unit-test-results.json;validation/reports/instrumentation-test-results.json;validation/diffs/056_action_selector_scroll_7-metrics.json","PASS","validation/current/056_action_selector_scroll_7.png;validation/diffs/056_action_selector_scroll_7-metrics.json","PASS_THRESHOLD","DEV-002;DEV-004;DEV-005","","F04","System typography/accessibility adjustments and safe local simulation replace unknown runtime internals."
"SCR-057","Action Selector Bottom / action_selector_bottom","057_action_selector_bottom","action_selector","native","CONFIRMED","evidence/screenshots/057_action_selector_bottom-20260801-134035.png;evidence/ui-xml/057_action_selector_bottom-20260801-134035.xml;screens/screen-specs/057_action_selector_bottom.json","VISUALLY_VALIDATED","app/src/main/java/com/sysadmindoc/nono/ui/RulesScreens.kt","validation/reports/unit-test-results.json;validation/reports/instrumentation-test-results.json;validation/diffs/057_action_selector_bottom-metrics.json","PASS","validation/current/057_action_selector_bottom.png;validation/diffs/057_action_selector_bottom-metrics.json","PASS_THRESHOLD","DEV-002;DEV-004;DEV-005","","F04;F15","System typography/accessibility adjustments and safe local simulation replace unknown runtime internals."
"SCR-058","Action Selector Bottom 2 / action_selector_bottom_2","058_action_selector_bottom_2","action_selector","native","CONFIRMED","evidence/screenshots/058_action_selector_bottom_2-20260801-134053.png;evidence/ui-xml/058_action_selector_bottom_2-20260801-134053.xml;screens/screen-specs/058_action_selector_bottom_2.json","VISUALLY_VALIDATED","app/src/main/java/com/sysadmindoc/nono/ui/RulesScreens.kt","validation/reports/unit-test-results.json;validation/reports/instrumentation-test-results.json;validation/diffs/058_action_selector_bottom_2-metrics.json","PASS","validation/current/058_action_selector_bottom_2.png;validation/diffs/058_action_selector_bottom_2-metrics.json","PASS_THRESHOLD","DEV-002;DEV-004;DEV-005","","F04;F15","System typography/accessibility adjustments and safe local simulation replace unknown runtime internals."
"SCR-059","Rule Builder Validation Missing / rule_builder_validation_missing","059_rule_builder_validation_missing","rule_builder","native","CONFIRMED","evidence/screenshots/059_rule_builder_validation_missing-20260801-134335.png;evidence/ui-xml/059_rule_builder_validation_missing-20260801-134335.xml;screens/screen-specs/059_rule_builder_validation_missing.json","VISUALLY_VALIDATED","app/src/main/java/com/sysadmindoc/nono/ui/SignalOverlay.kt","validation/reports/unit-test-results.json;validation/reports/instrumentation-test-results.json;validation/diffs/059_rule_builder_validation_missing-metrics.json","PASS","validation/current/059_rule_builder_validation_missing.png;validation/diffs/059_rule_builder_validation_missing-metrics.json","PASS_THRESHOLD","DEV-002;DEV-004;DEV-005","","","System typography/accessibility adjustments and safe local simulation replace unknown runtime internals."
"SCR-060","Rule Builder Filter Restored / rule_builder_filter_restored","060_rule_builder_filter_restored","rule_builder","native","CONFIRMED","evidence/screenshots/060_rule_builder_filter_restored-20260801-134603.png;evidence/ui-xml/060_rule_builder_filter_restored-20260801-134603.xml;screens/screen-specs/060_rule_builder_filter_restored.json","VISUALLY_VALIDATED","app/src/main/java/com/sysadmindoc/nono/ui/SignalOverlay.kt","validation/reports/unit-test-results.json;validation/reports/instrumentation-test-results.json;validation/diffs/060_rule_builder_filter_restored-metrics.json","PASS","validation/current/060_rule_builder_filter_restored.png;validation/diffs/060_rule_builder_filter_restored-metrics.json","PASS_THRESHOLD","DEV-002;DEV-004;DEV-005","","","System typography/accessibility adjustments and safe local simulation replace unknown runtime internals."
"SCR-061","Action Selector Mute Selected / action_selector_mute_selected","061_action_selector_mute_selected","action_selector","native","CONFIRMED","evidence/screenshots/061_action_selector_mute_selected-20260801-134703.png;evidence/ui-xml/061_action_selector_mute_selected-20260801-134703.xml;screens/screen-specs/061_action_selector_mute_selected.json","VISUALLY_VALIDATED","app/src/main/java/com/sysadmindoc/nono/ui/RulesScreens.kt","validation/reports/unit-test-results.json;validation/reports/instrumentation-test-results.json;validation/diffs/061_action_selector_mute_selected-metrics.json","PASS","validation/current/061_action_selector_mute_selected.png;validation/diffs/061_action_selector_mute_selected-metrics.json","PASS_THRESHOLD","DEV-002;DEV-004;DEV-005","","F04","System typography/accessibility adjustments and safe local simulation replace unknown runtime internals."
"SCR-062","Rule Builder Complete / rule_builder_complete","062_rule_builder_complete","rule_builder","native","CONFIRMED","evidence/screenshots/062_rule_builder_complete-20260801-134718.png;evidence/ui-xml/062_rule_builder_complete-20260801-134718.xml;screens/screen-specs/062_rule_builder_complete.json","VISUALLY_VALIDATED","app/src/main/java/com/sysadmindoc/nono/ui/SignalOverlay.kt","validation/reports/unit-test-results.json;validation/reports/instrumentation-test-results.json;validation/diffs/062_rule_builder_complete-metrics.json","PASS","validation/current/062_rule_builder_complete.png;validation/diffs/062_rule_builder_complete-metrics.json","PASS_THRESHOLD","DEV-002;DEV-004;DEV-005","","F04","System typography/accessibility adjustments and safe local simulation replace unknown runtime internals."
"SCR-063","Rules Populated Test Record / rules_populated_test_record","063_rules_populated_test_record","rules_home","native","CONFIRMED","evidence/screenshots/063_rules_populated_test_record-20260801-134745.png;evidence/ui-xml/063_rules_populated_test_record-20260801-134745.xml;screens/screen-specs/063_rules_populated_test_record.json","VISUALLY_VALIDATED","app/src/main/java/com/sysadmindoc/nono/ui/RulesScreens.kt","validation/reports/unit-test-results.json;validation/reports/instrumentation-test-results.json;validation/diffs/063_rules_populated_test_record-metrics.json","PASS","validation/current/063_rules_populated_test_record.png;validation/diffs/063_rules_populated_test_record-metrics.json","PASS_THRESHOLD","DEV-002;DEV-004;DEV-005","","F05","System typography/accessibility adjustments and safe local simulation replace unknown runtime internals."
"SCR-064","Rules Test Record Disabled / rules_test_record_disabled","064_rules_test_record_disabled","rules_home","native","CONFIRMED","evidence/screenshots/064_rules_test_record_disabled-20260801-134809.png;evidence/ui-xml/064_rules_test_record_disabled-20260801-134809.xml;screens/screen-specs/064_rules_test_record_disabled.json","VISUALLY_VALIDATED","app/src/main/java/com/sysadmindoc/nono/ui/RulesScreens.kt","validation/reports/unit-test-results.json;validation/reports/instrumentation-test-results.json;validation/diffs/064_rules_test_record_disabled-metrics.json","PASS","validation/current/064_rules_test_record_disabled.png;validation/diffs/064_rules_test_record_disabled-metrics.json","PASS_THRESHOLD","DEV-002;DEV-004;DEV-005","","F05;F12","System typography/accessibility adjustments and safe local simulation replace unknown runtime internals."
"SCR-065","Rule Overflow Menu / rule_overflow_menu","065_rule_overflow_menu","rule_overflow_menu","native","CONFIRMED","evidence/screenshots/065_rule_overflow_menu-20260801-134830.png;evidence/ui-xml/065_rule_overflow_menu-20260801-134830.xml;screens/screen-specs/065_rule_overflow_menu.json","VISUALLY_VALIDATED","app/src/main/java/com/sysadmindoc/nono/ui/SignalOverlay.kt","validation/reports/unit-test-results.json;validation/reports/instrumentation-test-results.json;validation/diffs/065_rule_overflow_menu-metrics.json","PASS","validation/current/065_rule_overflow_menu.png;validation/diffs/065_rule_overflow_menu-metrics.json","PASS_THRESHOLD","DEV-002;DEV-004;DEV-005","","F05","System typography/accessibility adjustments and safe local simulation replace unknown runtime internals."
"SCR-066","Rule Enable For Dialog / rule_enable_for_dialog","066_rule_enable_for_dialog","enable_for_menu","native","CONFIRMED","evidence/screenshots/066_rule_enable_for_dialog-20260801-134850.png;evidence/ui-xml/066_rule_enable_for_dialog-20260801-134850.xml;screens/screen-specs/066_rule_enable_for_dialog.json","VISUALLY_VALIDATED","app/src/main/java/com/sysadmindoc/nono/ui/SignalOverlay.kt","validation/reports/unit-test-results.json;validation/reports/instrumentation-test-results.json;validation/diffs/066_rule_enable_for_dialog-metrics.json","PASS","validation/current/066_rule_enable_for_dialog.png;validation/diffs/066_rule_enable_for_dialog-metrics.json","PASS_THRESHOLD","DEV-002;DEV-004;DEV-005","","F05","System typography/accessibility adjustments and safe local simulation replace unknown runtime internals."
"SCR-067","Rule Priority Dialog / rule_priority_dialog","067_rule_priority_dialog","rules_home","native","CONFIRMED","evidence/screenshots/067_rule_priority_dialog-20260801-134916.png;evidence/ui-xml/067_rule_priority_dialog-20260801-134916.xml;screens/screen-specs/067_rule_priority_dialog.json","VISUALLY_VALIDATED","app/src/main/java/com/sysadmindoc/nono/ui/RulesScreens.kt","validation/reports/unit-test-results.json;validation/reports/instrumentation-test-results.json;validation/diffs/067_rule_priority_dialog-metrics.json","PASS","validation/current/067_rule_priority_dialog.png;validation/diffs/067_rule_priority_dialog-metrics.json","PASS_THRESHOLD","DEV-002;DEV-004;DEV-005","Set priority dismissed the overflow menu without presenting a persistent dialog; this capture is the returned Rules state.","","System typography/accessibility adjustments and safe local simulation replace unknown runtime internals."
"SCR-068","Rule Folder Dialog / rule_folder_dialog","068_rule_folder_dialog","folder_dialog","native","CONFIRMED","evidence/screenshots/068_rule_folder_dialog-20260801-135107.png;evidence/ui-xml/068_rule_folder_dialog-20260801-135107.xml;screens/screen-specs/068_rule_folder_dialog.json","VISUALLY_VALIDATED","app/src/main/java/com/sysadmindoc/nono/ui/SignalOverlay.kt","validation/reports/unit-test-results.json;validation/reports/instrumentation-test-results.json;validation/diffs/068_rule_folder_dialog-metrics.json","PASS","validation/current/068_rule_folder_dialog.png;validation/diffs/068_rule_folder_dialog-metrics.json","PASS_THRESHOLD","DEV-002;DEV-004;DEV-005","","F05","System typography/accessibility adjustments and safe local simulation replace unknown runtime internals."
"SCR-069","Rule Rename Dialog / rule_rename_dialog","069_rule_rename_dialog","rename_dialog","native","CONFIRMED","evidence/screenshots/069_rule_rename_dialog-20260801-135137.png;evidence/ui-xml/069_rule_rename_dialog-20260801-135137.xml;screens/screen-specs/069_rule_rename_dialog.json","VISUALLY_VALIDATED","app/src/main/java/com/sysadmindoc/nono/ui/SignalOverlay.kt","validation/reports/unit-test-results.json;validation/reports/instrumentation-test-results.json;validation/diffs/069_rule_rename_dialog-metrics.json","PASS","validation/current/069_rule_rename_dialog.png;validation/diffs/069_rule_rename_dialog-metrics.json","PASS_THRESHOLD","DEV-002;DEV-004;DEV-005","","F05","System typography/accessibility adjustments and safe local simulation replace unknown runtime internals."
"SCR-070","Rule Edit Existing / rule_edit_existing","070_rule_edit_existing","rule_builder","native","CONFIRMED","evidence/screenshots/070_rule_edit_existing-20260801-135159.png;evidence/ui-xml/070_rule_edit_existing-20260801-135159.xml;screens/screen-specs/070_rule_edit_existing.json","VISUALLY_VALIDATED","app/src/main/java/com/sysadmindoc/nono/ui/SignalOverlay.kt","validation/reports/unit-test-results.json;validation/reports/instrumentation-test-results.json;validation/diffs/070_rule_edit_existing-metrics.json","PASS","validation/current/070_rule_edit_existing.png;validation/diffs/070_rule_edit_existing-metrics.json","PASS_THRESHOLD","DEV-002;DEV-004;DEV-005","","F05","System typography/accessibility adjustments and safe local simulation replace unknown runtime internals."
"SCR-071","History Populated Test Notification / history_populated_test_notification","071_history_populated_test_notification","history","native","CONFIRMED","evidence/screenshots/071_history_populated_test_notification-20260801-135246.png;evidence/ui-xml/071_history_populated_test_notification-20260801-135246.xml;screens/screen-specs/071_history_populated_test_notification.json","VISUALLY_VALIDATED","app/src/main/java/com/sysadmindoc/nono/ui/HistoryScreens.kt","validation/reports/unit-test-results.json;validation/reports/instrumentation-test-results.json;validation/diffs/071_history_populated_test_notification-metrics.json","PASS","validation/current/071_history_populated_test_notification.png;validation/diffs/071_history_populated_test_notification-metrics.json","PASS_THRESHOLD","DEV-002;DEV-004;DEV-005","","F07","System typography/accessibility adjustments and safe local simulation replace unknown runtime internals."
"SCR-072","History Notification Detail / history_notification_detail","072_history_notification_detail","history_item_menu","native","CONFIRMED","evidence/screenshots/072_history_notification_detail-20260801-135317.png;evidence/ui-xml/072_history_notification_detail-20260801-135317.xml;screens/screen-specs/072_history_notification_detail.json","VISUALLY_VALIDATED","app/src/main/java/com/sysadmindoc/nono/ui/SignalOverlay.kt","validation/reports/unit-test-results.json;validation/reports/instrumentation-test-results.json;validation/diffs/072_history_notification_detail-metrics.json","PASS","validation/current/072_history_notification_detail.png;validation/diffs/072_history_notification_detail-metrics.json","PASS_THRESHOLD","DEV-002;DEV-004;DEV-005","","F07","System typography/accessibility adjustments and safe local simulation replace unknown runtime internals."
"SCR-073","History Item Activity / history_item_activity","073_history_item_activity","history_activity","native","CONFIRMED","evidence/screenshots/073_history_item_activity-20260801-135350.png;evidence/ui-xml/073_history_item_activity-20260801-135350.xml;screens/screen-specs/073_history_item_activity.json","VISUALLY_VALIDATED","app/src/main/java/com/sysadmindoc/nono/ui/HistoryScreens.kt","validation/reports/unit-test-results.json;validation/reports/instrumentation-test-results.json;validation/diffs/073_history_item_activity-metrics.json","PASS","validation/current/073_history_item_activity.png;validation/diffs/073_history_item_activity-metrics.json","PASS_THRESHOLD","DEV-002;DEV-004;DEV-005","","F07","System typography/accessibility adjustments and safe local simulation replace unknown runtime internals."
"SCR-074","History Item Changes / history_item_changes","074_history_item_changes","history_activity","native","CONFIRMED","evidence/screenshots/074_history_item_changes-20260801-135444.png;evidence/ui-xml/074_history_item_changes-20260801-135444.xml;screens/screen-specs/074_history_item_changes.json","VISUALLY_VALIDATED","app/src/main/java/com/sysadmindoc/nono/ui/HistoryScreens.kt","validation/reports/unit-test-results.json;validation/reports/instrumentation-test-results.json;validation/diffs/074_history_item_changes-metrics.json","PASS","validation/current/074_history_item_changes.png;validation/diffs/074_history_item_changes-metrics.json","PASS_THRESHOLD","DEV-002;DEV-004;DEV-005","","F07","System typography/accessibility adjustments and safe local simulation replace unknown runtime internals."
"SCR-075","History Rule Triggered Filter Empty / history_rule_triggered_filter_empty","075_history_rule_triggered_filter_empty","history","native","CONFIRMED","evidence/screenshots/075_history_rule_triggered_filter_empty-20260801-135526.png;evidence/ui-xml/075_history_rule_triggered_filter_empty-20260801-135526.xml;screens/screen-specs/075_history_rule_triggered_filter_empty.json","VISUALLY_VALIDATED","app/src/main/java/com/sysadmindoc/nono/ui/HistoryScreens.kt","validation/reports/unit-test-results.json;validation/reports/instrumentation-test-results.json;validation/diffs/075_history_rule_triggered_filter_empty-metrics.json","PASS","validation/current/075_history_rule_triggered_filter_empty.png;validation/diffs/075_history_rule_triggered_filter_empty-metrics.json","PASS_THRESHOLD","DEV-002;DEV-004;DEV-005","","F07","System typography/accessibility adjustments and safe local simulation replace unknown runtime internals."
"SCR-076","History Dismissed Filter Empty / history_dismissed_filter_empty","076_history_dismissed_filter_empty","history","native","CONFIRMED","evidence/screenshots/076_history_dismissed_filter_empty-20260801-135552.png;evidence/ui-xml/076_history_dismissed_filter_empty-20260801-135552.xml;screens/screen-specs/076_history_dismissed_filter_empty.json","VISUALLY_VALIDATED","app/src/main/java/com/sysadmindoc/nono/ui/HistoryScreens.kt","validation/reports/unit-test-results.json;validation/reports/instrumentation-test-results.json;validation/diffs/076_history_dismissed_filter_empty-metrics.json","PASS","validation/current/076_history_dismissed_filter_empty.png;validation/diffs/076_history_dismissed_filter_empty-metrics.json","PASS_THRESHOLD","DEV-002;DEV-004;DEV-005","","F07","System typography/accessibility adjustments and safe local simulation replace unknown runtime internals."
"SCR-077","Explore Scrolled 1 / explore_scrolled_1","077_explore_scrolled_1","explore","native","CONFIRMED","evidence/screenshots/077_explore_scrolled_1-20260801-135617.png;evidence/ui-xml/077_explore_scrolled_1-20260801-135617.xml;screens/screen-specs/077_explore_scrolled_1.json","IMPLEMENTED","app/src/main/java/com/sysadmindoc/nono/ui/ExploreScreen.kt","validation/reports/unit-test-results.json;validation/reports/instrumentation-test-results.json;validation/diffs/077_explore_scrolled_1-metrics.json","FAIL_THRESHOLD_DOCUMENTED","validation/current/077_explore_scrolled_1.png;validation/diffs/077_explore_scrolled_1-metrics.json","FAIL_THRESHOLD_DOCUMENTED","DEV-002;DEV-003;DEV-006","","F08","Original editorial copy and illustrations were not authorized."
"SCR-078","Explore Scrolled 2 / explore_scrolled_2","078_explore_scrolled_2","explore","native","CONFIRMED","evidence/screenshots/078_explore_scrolled_2-20260801-135642.png;evidence/ui-xml/078_explore_scrolled_2-20260801-135642.xml;screens/screen-specs/078_explore_scrolled_2.json","IMPLEMENTED","app/src/main/java/com/sysadmindoc/nono/ui/ExploreScreen.kt","validation/reports/unit-test-results.json;validation/reports/instrumentation-test-results.json;validation/diffs/078_explore_scrolled_2-metrics.json","FAIL_THRESHOLD_DOCUMENTED","validation/current/078_explore_scrolled_2.png;validation/diffs/078_explore_scrolled_2-metrics.json","FAIL_THRESHOLD_DOCUMENTED","DEV-002;DEV-003;DEV-006","","F08","Original editorial copy and illustrations were not authorized."
"SCR-079","Explore Scrolled 3 / explore_scrolled_3","079_explore_scrolled_3","explore","native","CONFIRMED","evidence/screenshots/079_explore_scrolled_3-20260801-135703.png;evidence/ui-xml/079_explore_scrolled_3-20260801-135703.xml;screens/screen-specs/079_explore_scrolled_3.json","IMPLEMENTED","app/src/main/java/com/sysadmindoc/nono/ui/ExploreScreen.kt","validation/reports/unit-test-results.json;validation/reports/instrumentation-test-results.json;validation/diffs/079_explore_scrolled_3-metrics.json","FAIL_THRESHOLD_DOCUMENTED","validation/current/079_explore_scrolled_3.png;validation/diffs/079_explore_scrolled_3-metrics.json","FAIL_THRESHOLD_DOCUMENTED","DEV-002;DEV-003;DEV-006","","F08","Original editorial copy and illustrations were not authorized."
"SCR-080","Explore Bottom / explore_bottom","080_explore_bottom","explore","native","CONFIRMED","evidence/screenshots/080_explore_bottom-20260801-135722.png;evidence/ui-xml/080_explore_bottom-20260801-135722.xml;screens/screen-specs/080_explore_bottom.json","IMPLEMENTED","app/src/main/java/com/sysadmindoc/nono/ui/ExploreScreen.kt","validation/reports/unit-test-results.json;validation/reports/instrumentation-test-results.json;validation/diffs/080_explore_bottom-metrics.json","FAIL_THRESHOLD_DOCUMENTED","validation/current/080_explore_bottom.png;validation/diffs/080_explore_bottom-metrics.json","FAIL_THRESHOLD_DOCUMENTED","DEV-002;DEV-003;DEV-006","","F08","Original editorial copy and illustrations were not authorized."
"SCR-081","Explore Bottom 2 / explore_bottom_2","081_explore_bottom_2","explore","native","CONFIRMED","evidence/screenshots/081_explore_bottom_2-20260801-135746.png;evidence/ui-xml/081_explore_bottom_2-20260801-135746.xml;screens/screen-specs/081_explore_bottom_2.json","IMPLEMENTED","app/src/main/java/com/sysadmindoc/nono/ui/ExploreScreen.kt","validation/reports/unit-test-results.json;validation/reports/instrumentation-test-results.json;validation/diffs/081_explore_bottom_2-metrics.json","FAIL_THRESHOLD_DOCUMENTED","validation/current/081_explore_bottom_2.png;validation/diffs/081_explore_bottom_2-metrics.json","FAIL_THRESHOLD_DOCUMENTED","DEV-002;DEV-003;DEV-006","","F08","Original editorial copy and illustrations were not authorized."
"SCR-082","Explore Suggestion Rule Preview / explore_suggestion_rule_preview","082_explore_suggestion_rule_preview","rule_builder","native","CONFIRMED","evidence/screenshots/082_explore_suggestion_rule_preview-20260801-135816.png;evidence/ui-xml/082_explore_suggestion_rule_preview-20260801-135816.xml;screens/screen-specs/082_explore_suggestion_rule_preview.json","IMPLEMENTED","app/src/main/java/com/sysadmindoc/nono/ui/SignalOverlay.kt","validation/reports/unit-test-results.json;validation/reports/instrumentation-test-results.json;validation/diffs/082_explore_suggestion_rule_preview-metrics.json","FAIL_THRESHOLD_DOCUMENTED","validation/current/082_explore_suggestion_rule_preview.png;validation/diffs/082_explore_suggestion_rule_preview-metrics.json","FAIL_THRESHOLD_DOCUMENTED","DEV-002;DEV-003;DEV-005","","F09","Suggestion data and artwork are independent deterministic replacements."
"SCR-083","Rules Not Triggering Help / rules_not_triggering_help","083_rules_not_triggering_help","rules_not_triggering_help","external_browser","CONFIRMED","evidence/screenshots/083_rules_not_triggering_help-20260801-135902.png;evidence/ui-xml/083_rules_not_triggering_help-20260801-135902.xml;screens/screen-specs/083_rules_not_triggering_help.json","IMPLEMENTED","app/src/main/java/com/sysadmindoc/nono/ui/ExploreScreen.kt;app/src/main/java/com/sysadmindoc/nono/ui/SettingsScreen.kt","","SAFE_INTENT_IMPLEMENTED","","NOT_APPLICABLE","DEV-006","The setting opens an external help link; Chrome first-run intercepted it. Excluded from native analysis.","","External mutable article contents were out of native audit scope."
"SCR-084","Cold Relaunch Persisted / cold_relaunch_persisted","084_cold_relaunch_persisted","cold_relaunch_persisted","excluded_repackaging","CONFIRMED","evidence/screenshots/084_cold_relaunch_persisted-20260801-140126.png;evidence/ui-xml/084_cold_relaunch_persisted-20260801-140126.xml;screens/screen-specs/084_cold_relaunch_persisted.json","EXCLUDED","","","NOT_APPLICABLE","","NOT_APPLICABLE","DEV-009","Cold-relaunch persistence capture obscured by the excluded LiteAPKS/repackaging overlay.","","Explicitly excluded third-party distribution overlay."
"SCR-085","Cold Relaunch Native State / cold_relaunch_native_state","085_cold_relaunch_native_state","rules_home","native","CONFIRMED","evidence/screenshots/085_cold_relaunch_native_state-20260801-140205.png;evidence/ui-xml/085_cold_relaunch_native_state-20260801-140205.xml;screens/screen-specs/085_cold_relaunch_native_state.json","VISUALLY_VALIDATED","app/src/main/java/com/sysadmindoc/nono/ui/RulesScreens.kt","validation/reports/unit-test-results.json;validation/reports/instrumentation-test-results.json;validation/diffs/085_cold_relaunch_native_state-metrics.json","PASS","validation/current/085_cold_relaunch_native_state.png;validation/diffs/085_cold_relaunch_native_state-metrics.json","PASS_THRESHOLD","DEV-002;DEV-004;DEV-005","Native Rules state after closing the excluded cold-relaunch overlay; confirms disabled-rule persistence.","F12","System typography/accessibility adjustments and safe local simulation replace unknown runtime internals."
"SCR-086","Rules Landscape Rotation / rules_landscape_rotation","086_rules_landscape_rotation","rules_landscape_rotation","excluded_repackaging","CONFIRMED","evidence/screenshots/086_rules_landscape_rotation-20260801-140250.png;evidence/ui-xml/086_rules_landscape_rotation-20260801-140250.xml;screens/screen-specs/086_rules_landscape_rotation.json","EXCLUDED","","","NOT_APPLICABLE","","NOT_APPLICABLE","DEV-009","Landscape capture obscured by the excluded LiteAPKS/repackaging overlay.","","Explicitly excluded third-party distribution overlay."
"SCR-087","Rules Landscape Native / rules_landscape_native","087_rules_landscape_native","rules_home","native","CONFIRMED","evidence/screenshots/087_rules_landscape_native-20260801-140337.png;evidence/ui-xml/087_rules_landscape_native-20260801-140337.xml;screens/screen-specs/087_rules_landscape_native.json","VISUALLY_VALIDATED","app/src/main/java/com/sysadmindoc/nono/ui/RulesScreens.kt","validation/reports/unit-test-results.json;validation/reports/instrumentation-test-results.json;validation/diffs/087_rules_landscape_native-metrics.json","PASS","validation/current/087_rules_landscape_native.png;validation/diffs/087_rules_landscape_native-metrics.json","PASS_THRESHOLD","DEV-002;DEV-004;DEV-005","Native landscape state after closing the excluded overlay; rotation was restored immediately afterward.","F13","System typography/accessibility adjustments and safe local simulation replace unknown runtime internals."
